Site Name,1981,1982,1983,1984,1985,1986,1987,1988,1989,1990,1991,1992,1993,1994,1995,1996,1997,1998,1999,2000,2001,2002,2003,2004,2005,2006,2007,2008,2009,2010,2011,2012,2013,2014,2015,2016,2017,2018,2019,2020,2021,2022,2023,2024,2025,Latitude,Longitude
Wakkanai,1981-05-15 00:00:00,1982-05-18 00:00:00,1983-05-12 00:00:00,1984-05-26 00:00:00,1985-05-17 00:00:00,1986-05-18 00:00:00,1987-05-19 00:00:00,1988-05-20 00:00:00,1989-05-19 00:00:00,1990-05-09 00:00:00,1991-05-18 00:00:00,1992-05-19 00:00:00,1993-05-18 00:00:00,1994-05-19 00:00:00,1995-05-11 00:00:00,1996-05-25 00:00:00,1997-05-22 00:00:00,1998-05-14 00:00:00,1999-05-18 00:00:00,2000-05-21 00:00:00,2001-05-19 00:00:00,2002-05-02 00:00:00,2003-05-14 00:00:00,2004-05-12 00:00:00,2005-05-28 00:00:00,2006-05-20 00:00:00,2007-05-17 00:00:00,2008-05-05 00:00:00,2009-05-12 00:00:00,2010-05-25 00:00:00,2011-05-25 00:00:00,2012-05-18 00:00:00,2013-05-28 00:00:00,2014-05-13 00:00:00,2015-05-06 00:00:00,2016-05-15 00:00:00,2017-05-11 00:00:00,2018-05-15 00:00:00,2019-05-09 00:00:00,2020-05-12 00:00:00,2021-05-11 00:00:00,2022-05-09 00:00:00,2023-05-05 00:00:00,2024-05-04 00:00:00,2025-05-10 00:00:00,45.4158108,141.6730309
Asahikawa,1981-05-07 00:00:00,1982-05-07 00:00:00,1983-04-29 00:00:00,1984-05-17 00:00:00,1985-05-06 00:00:00,1986-05-08 00:00:00,1987-05-10 00:00:00,1988-05-11 00:00:00,1989-05-06 00:00:00,1990-05-03 00:00:00,1991-05-07 00:00:00,1992-05-11 00:00:00,1993-05-11 00:00:00,1994-05-13 00:00:00,1995-05-04 00:00:00,1996-05-13 00:00:00,1997-05-07 00:00:00,1998-04-25 00:00:00,1999-05-08 00:00:00,2000-05-11 00:00:00,2001-05-07 00:00:00,2002-04-25 00:00:00,2003-05-04 00:00:00,2004-05-09 00:00:00,2005-05-17 00:00:00,2006-05-12 00:00:00,2007-05-08 00:00:00,2008-04-26 00:00:00,2009-05-04 00:00:00,2010-05-13 00:00:00,2011-05-12 00:00:00,2012-05-02 00:00:00,2013-05-20 00:00:00,2014-05-04 00:00:00,2015-04-28 00:00:00,2016-05-04 00:00:00,2017-05-05 00:00:00,2018-05-01 00:00:00,2019-05-04 00:00:00,2020-05-04 00:00:00,2021-05-03 00:00:00,2022-04-28 00:00:00,2023-04-28 00:00:00,2024-04-26 00:00:00,2025-05-02 00:00:00,43.770625,142.3649743
Abashiri,1981-05-17 00:00:00,1982-05-13 00:00:00,1983-05-05 00:00:00,1984-05-26 00:00:00,1985-05-12 00:00:00,1986-05-10 00:00:00,1987-05-11 00:00:00,1988-05-15 00:00:00,1989-05-19 00:00:00,1990-05-09 00:00:00,1991-05-10 00:00:00,1992-05-16 00:00:00,1993-05-22 00:00:00,1994-05-17 00:00:00,1995-05-10 00:00:00,1996-05-27 00:00:00,1997-05-15 00:00:00,1998-05-01 00:00:00,1999-05-13 00:00:00,2000-05-21 00:00:00,2001-05-13 00:00:00,2002-05-01 00:00:00,2003-05-12 00:00:00,2004-05-13 00:00:00,2005-05-25 00:00:00,2006-05-17 00:00:00,2007-05-16 00:00:00,2008-05-05 00:00:00,2009-05-07 00:00:00,2010-05-18 00:00:00,2011-05-18 00:00:00,2012-05-05 00:00:00,2013-05-27 00:00:00,2014-05-11 00:00:00,2015-05-03 00:00:00,2016-05-10 00:00:00,2017-05-07 00:00:00,2018-05-06 00:00:00,2019-05-07 00:00:00,2020-05-09 00:00:00,2021-05-07 00:00:00,2022-04-30 00:00:00,2023-05-01 00:00:00,2024-04-30 00:00:00,2025-05-10 00:00:00,44.0206027,144.2732035
Sapporo,1981-05-08 00:00:00,1982-05-08 00:00:00,1983-05-01 00:00:00,1984-05-21 00:00:00,1985-05-08 00:00:00,1986-05-09 00:00:00,1987-05-09 00:00:00,1988-05-07 00:00:00,1989-05-04 00:00:00,1990-04-29 00:00:00,1991-05-07 00:00:00,1992-05-10 00:00:00,1993-05-10 00:00:00,1994-05-09 00:00:00,1995-05-03 00:00:00,1996-05-12 00:00:00,1997-05-05 00:00:00,1998-04-26 00:00:00,1999-05-08 00:00:00,2000-05-11 00:00:00,2001-05-05 00:00:00,2002-04-25 00:00:00,2003-05-04 00:00:00,2004-05-09 00:00:00,2005-05-16 00:00:00,2006-05-12 00:00:00,2007-05-08 00:00:00,2008-04-25 00:00:00,2009-05-04 00:00:00,2010-05-14 00:00:00,2011-05-12 00:00:00,2012-05-02 00:00:00,2013-05-17 00:00:00,2014-05-01 00:00:00,2015-04-26 00:00:00,2016-05-01 00:00:00,2017-05-03 00:00:00,2018-04-29 00:00:00,2019-04-29 00:00:00,2020-05-02 00:00:00,2021-04-27 00:00:00,2022-04-25 00:00:00,2023-04-21 00:00:00,2024-04-24 00:00:00,2025-04-27 00:00:00,43.061936,141.3542924
Obihiro,1981-05-07 00:00:00,1982-05-09 00:00:00,1983-05-03 00:00:00,1984-05-21 00:00:00,1985-05-06 00:00:00,1986-05-08 00:00:00,1987-05-08 00:00:00,1988-05-07 00:00:00,1989-05-07 00:00:00,1990-05-04 00:00:00,1991-05-06 00:00:00,1992-05-09 00:00:00,1993-05-11 00:00:00,1994-05-08 00:00:00,1995-05-07 00:00:00,1996-05-13 00:00:00,1997-05-03 00:00:00,1998-04-26 00:00:00,1999-05-07 00:00:00,2000-05-12 00:00:00,2001-05-01 00:00:00,2002-04-27 00:00:00,2003-05-03 00:00:00,2004-05-08 00:00:00,2005-05-10 00:00:00,2006-05-12 00:00:00,2007-05-08 00:00:00,2008-04-30 00:00:00,2009-05-04 00:00:00,2010-05-11 00:00:00,2011-05-09 00:00:00,2012-05-07 00:00:00,2013-05-16 00:00:00,2014-04-29 00:00:00,2015-04-28 00:00:00,2016-05-03 00:00:00,2017-05-02 00:00:00,2018-04-28 00:00:00,2019-04-30 00:00:00,2020-05-03 00:00:00,2021-04-27 00:00:00,2022-04-25 00:00:00,2023-04-22 00:00:00,2024-04-26 00:00:00,2025-05-03 00:00:00,42.923809,143.1966324
Kushiro,1981-05-27 00:00:00,1982-05-21 00:00:00,1983-05-16 00:00:00,1984-06-04 00:00:00,1985-05-20 00:00:00,1986-05-19 00:00:00,1987-05-20 00:00:00,1988-05-21 00:00:00,1989-05-20 00:00:00,1990-05-12 00:00:00,1991-05-13 00:00:00,1992-05-20 00:00:00,1993-05-20 00:00:00,1994-05-17 00:00:00,1995-05-18 00:00:00,1996-05-31 00:00:00,1997-05-22 00:00:00,1998-05-18 00:00:00,1999-05-21 00:00:00,2000-05-21 00:00:00,2001-05-21 00:00:00,2002-05-13 00:00:00,2003-05-26 00:00:00,2004-05-19 00:00:00,2005-05-26 00:00:00,2006-05-21 00:00:00,2007-05-20 00:00:00,2008-05-19 00:00:00,2009-05-14 00:00:00,2010-05-22 00:00:00,2011-05-21 00:00:00,2012-05-20 00:00:00,2013-05-25 00:00:00,2014-05-14 00:00:00,2015-05-08 00:00:00,2016-05-13 00:00:00,2017-05-18 00:00:00,2018-05-14 00:00:00,2019-05-13 00:00:00,2020-05-13 00:00:00,2021-05-11 00:00:00,2022-05-10 00:00:00,2023-05-04 00:00:00,2024-05-05 00:00:00,2025-05-09 00:00:00,42.9849503,144.3820491
Muroran,1981-05-10 00:00:00,1982-05-14 00:00:00,1983-05-04 00:00:00,1984-05-30 00:00:00,1985-05-18 00:00:00,1986-05-12 00:00:00,1987-05-13 00:00:00,1988-05-12 00:00:00,1989-05-07 00:00:00,1990-05-02 00:00:00,1991-05-07 00:00:00,1992-05-12 00:00:00,1993-05-09 00:00:00,1994-05-09 00:00:00,1995-05-09 00:00:00,1996-05-20 00:00:00,1997-05-06 00:00:00,1998-05-03 00:00:00,1999-05-13 00:00:00,2000-05-17 00:00:00,2001-05-14 00:00:00,2002-04-28 00:00:00,2003-05-06 00:00:00,2004-05-08 00:00:00,2005-05-20 00:00:00,2006-05-16 00:00:00,2007-05-12 00:00:00,2008-05-02 00:00:00,2009-05-07 00:00:00,2010-05-18 00:00:00,2011-05-13 00:00:00,2012-05-14 00:00:00,2013-05-21 00:00:00,2014-05-05 00:00:00,2015-05-01 00:00:00,2016-05-02 00:00:00,2017-05-04 00:00:00,2018-05-01 00:00:00,2019-05-04 00:00:00,2020-05-05 00:00:00,2021-05-04 00:00:00,2022-04-30 00:00:00,2023-04-27 00:00:00,2024-04-28 00:00:00,2025-05-03 00:00:00,42.3152461,140.9740731
Hakodate,1981-05-06 00:00:00,1982-05-09 00:00:00,1983-04-30 00:00:00,1984-05-27 00:00:00,1985-05-09 00:00:00,1986-05-08 00:00:00,1987-05-08 00:00:00,1988-05-06 00:00:00,1989-05-01 00:00:00,1990-04-26 00:00:00,1991-05-02 00:00:00,1992-05-02 00:00:00,1993-05-02 00:00:00,1994-05-05 00:00:00,1995-05-03 00:00:00,1996-05-11 00:00:00,1997-05-01 00:00:00,1998-04-24 00:00:00,1999-05-02 00:00:00,2000-05-08 00:00:00,2001-05-03 00:00:00,2002-04-21 00:00:00,2003-05-02 00:00:00,2004-04-30 00:00:00,2005-05-05 00:00:00,2006-05-12 00:00:00,2007-05-04 00:00:00,2008-04-26 00:00:00,2009-05-01 00:00:00,2010-05-10 00:00:00,2011-05-06 00:00:00,2012-05-05 00:00:00,2013-05-12 00:00:00,2014-05-01 00:00:00,2015-04-24 00:00:00,2016-04-26 00:00:00,2017-04-30 00:00:00,2018-04-28 00:00:00,2019-04-29 00:00:00,2020-05-01 00:00:00,2021-04-23 00:00:00,2022-04-25 00:00:00,2023-04-20 00:00:00,2024-04-23 00:00:00,2025-04-28 00:00:00,41.768793,140.729008
Aomori,1981-05-01 00:00:00,1982-05-04 00:00:00,1983-04-25 00:00:00,1984-05-18 00:00:00,1985-05-03 00:00:00,1986-05-05 00:00:00,1987-05-01 00:00:00,1988-05-01 00:00:00,1989-04-20 00:00:00,1990-04-23 00:00:00,1991-04-30 00:00:00,1992-04-27 00:00:00,1993-04-28 00:00:00,1994-04-27 00:00:00,1995-04-28 00:00:00,1996-05-03 00:00:00,1997-04-27 00:00:00,1998-04-20 00:00:00,1999-04-30 00:00:00,2000-05-03 00:00:00,2001-04-27 00:00:00,2002-04-16 00:00:00,2003-04-27 00:00:00,2004-04-21 00:00:00,2005-05-02 00:00:00,2006-05-06 00:00:00,2007-04-29 00:00:00,2008-04-21 00:00:00,2009-04-22 00:00:00,2010-05-02 00:00:00,2011-04-28 00:00:00,2012-05-01 00:00:00,2013-05-06 00:00:00,2014-04-25 00:00:00,2015-04-19 00:00:00,2016-04-21 00:00:00,2017-04-21 00:00:00,2018-04-22 00:00:00,2019-04-22 00:00:00,2020-04-21 00:00:00,2021-04-17 00:00:00,2022-04-20 00:00:00,2023-04-11 00:00:00,2024-04-18 00:00:00,2025-04-22 00:00:00,40.886943,140.590121
Akita,1981-04-27 00:00:00,1982-04-24 00:00:00,1983-04-19 00:00:00,1984-05-05 00:00:00,1985-04-23 00:00:00,1986-04-25 00:00:00,1987-04-21 00:00:00,1988-04-28 00:00:00,1989-04-15 00:00:00,1990-04-13 00:00:00,1991-04-22 00:00:00,1992-04-22 00:00:00,1993-04-24 00:00:00,1994-04-24 00:00:00,1995-04-23 00:00:00,1996-04-30 00:00:00,1997-04-22 00:00:00,1998-04-16 00:00:00,1999-04-20 00:00:00,2000-04-25 00:00:00,2001-04-18 00:00:00,2002-04-12 00:00:00,2003-04-21 00:00:00,2004-04-16 00:00:00,2005-04-28 00:00:00,2006-04-26 00:00:00,2007-04-23 00:00:00,2008-04-15 00:00:00,2009-04-19 00:00:00,2010-04-28 00:00:00,2011-04-27 00:00:00,2012-04-26 00:00:00,2013-04-29 00:00:00,2014-04-24 00:00:00,2015-04-15 00:00:00,2016-04-19 00:00:00,2017-04-19 00:00:00,2018-04-20 00:00:00,2019-04-20 00:00:00,2020-04-15 00:00:00,2021-04-07 00:00:00,2022-04-16 00:00:00,2023-04-07 00:00:00,2024-04-14 00:00:00,2025-04-18 00:00:00,39.6898802,140.342608
Morioka,1981-04-28 00:00:00,1982-04-26 00:00:00,1983-04-22 00:00:00,1984-05-09 00:00:00,1985-04-29 00:00:00,1986-05-01 00:00:00,1987-04-30 00:00:00,1988-04-30 00:00:00,1989-04-18 00:00:00,1990-04-21 00:00:00,1991-04-24 00:00:00,1992-04-26 00:00:00,1993-04-27 00:00:00,1994-04-25 00:00:00,1995-04-28 00:00:00,1996-05-01 00:00:00,1997-04-28 00:00:00,1998-04-16 00:00:00,1999-04-23 00:00:00,2000-04-29 00:00:00,2001-04-18 00:00:00,2002-04-16 00:00:00,2003-04-21 00:00:00,2004-04-17 00:00:00,2005-04-27 00:00:00,2006-04-30 00:00:00,2007-04-29 00:00:00,2008-04-17 00:00:00,2009-04-18 00:00:00,2010-05-02 00:00:00,2011-04-29 00:00:00,2012-04-28 00:00:00,2013-05-02 00:00:00,2014-04-21 00:00:00,2015-04-16 00:00:00,2016-04-18 00:00:00,2017-04-24 00:00:00,2018-04-20 00:00:00,2019-04-22 00:00:00,2020-04-20 00:00:00,2021-04-13 00:00:00,2022-04-18 00:00:00,2023-04-06 00:00:00,2024-04-14 00:00:00,2025-04-19 00:00:00,39.7021331,141.1545397
Yamagata,1981-04-26 00:00:00,1982-04-21 00:00:00,1983-04-18 00:00:00,1984-05-04 00:00:00,1985-04-22 00:00:00,1986-04-24 00:00:00,1987-04-18 00:00:00,1988-04-27 00:00:00,1989-04-13 00:00:00,1990-04-12 00:00:00,1991-04-17 00:00:00,1992-04-16 00:00:00,1993-04-20 00:00:00,1994-04-18 00:00:00,1995-04-21 00:00:00,1996-04-25 00:00:00,1997-04-19 00:00:00,1998-04-13 00:00:00,1999-04-18 00:00:00,2000-04-24 00:00:00,2001-04-15 00:00:00,2002-04-06 00:00:00,2003-04-17 00:00:00,2004-04-13 00:00:00,2005-04-23 00:00:00,2006-04-23 00:00:00,2007-04-19 00:00:00,2008-04-16 00:00:00,2009-04-13 00:00:00,2010-04-25 00:00:00,2011-04-25 00:00:00,2012-04-26 00:00:00,2013-04-19 00:00:00,2014-04-17 00:00:00,2015-04-15 00:00:00,2016-04-10 00:00:00,2017-04-17 00:00:00,2018-04-11 00:00:00,2019-04-17 00:00:00,2020-04-09 00:00:00,2021-04-05 00:00:00,2022-04-13 00:00:00,2023-04-05 00:00:00,2024-04-10 00:00:00,2025-04-14 00:00:00,38.4746705,140.083237
Sendai,1981-04-18 00:00:00,1982-04-16 00:00:00,1983-04-18 00:00:00,1984-05-03 00:00:00,1985-04-23 00:00:00,1986-04-24 00:00:00,1987-04-17 00:00:00,1988-04-21 00:00:00,1989-04-06 00:00:00,1990-04-08 00:00:00,1991-04-15 00:00:00,1992-04-15 00:00:00,1993-04-16 00:00:00,1994-04-15 00:00:00,1995-04-17 00:00:00,1996-04-24 00:00:00,1997-04-11 00:00:00,1998-04-11 00:00:00,1999-04-13 00:00:00,2000-04-18 00:00:00,2001-04-13 00:00:00,2002-04-03 00:00:00,2003-04-14 00:00:00,2004-04-10 00:00:00,2005-04-17 00:00:00,2006-04-18 00:00:00,2007-04-12 00:00:00,2008-04-11 00:00:00,2009-04-10 00:00:00,2010-04-21 00:00:00,2011-04-15 00:00:00,2012-04-23 00:00:00,2013-04-15 00:00:00,2014-04-11 00:00:00,2015-04-09 00:00:00,2016-04-06 00:00:00,2017-04-13 00:00:00,2018-04-04 00:00:00,2019-04-10 00:00:00,2020-04-03 00:00:00,2021-03-31 00:00:00,2022-04-11 00:00:00,2023-03-31 00:00:00,2024-04-09 00:00:00,2025-04-10 00:00:00,38.2677554,140.8691498
Fukushima,1981-04-15 00:00:00,1982-04-13 00:00:00,1983-04-14 00:00:00,1984-04-28 00:00:00,1985-04-19 00:00:00,1986-04-22 00:00:00,1987-04-10 00:00:00,1988-04-20 00:00:00,1989-04-06 00:00:00,1990-04-07 00:00:00,1991-04-12 00:00:00,1992-04-10 00:00:00,1993-04-16 00:00:00,1994-04-13 00:00:00,1995-04-15 00:00:00,1996-04-23 00:00:00,1997-04-10 00:00:00,1998-04-10 00:00:00,1999-04-11 00:00:00,2000-04-17 00:00:00,2001-04-10 00:00:00,2002-04-02 00:00:00,2003-04-12 00:00:00,2004-04-08 00:00:00,2005-04-16 00:00:00,2006-04-15 00:00:00,2007-04-09 00:00:00,2008-04-11 00:00:00,2009-04-09 00:00:00,2010-04-13 00:00:00,2011-04-15 00:00:00,2012-04-20 00:00:00,2013-04-08 00:00:00,2014-04-11 00:00:00,2015-04-06 00:00:00,2016-04-03 00:00:00,2017-04-12 00:00:00,2018-04-02 00:00:00,2019-04-08 00:00:00,2020-04-01 00:00:00,2021-03-29 00:00:00,2022-04-08 00:00:00,2023-03-28 00:00:00,2024-04-07 00:00:00,2025-04-08 00:00:00,37.760777,140.4745807
Niigata,1981-04-18 00:00:00,1982-04-14 00:00:00,1983-04-16 00:00:00,1984-04-29 00:00:00,1985-04-15 00:00:00,1986-04-21 00:00:00,1987-04-15 00:00:00,1988-04-20 00:00:00,1989-04-07 00:00:00,1990-04-06 00:00:00,1991-04-15 00:00:00,1992-04-09 00:00:00,1993-04-16 00:00:00,1994-04-15 00:00:00,1995-04-15 00:00:00,1996-04-22 00:00:00,1997-04-11 00:00:00,1998-04-10 00:00:00,1999-04-12 00:00:00,2000-04-18 00:00:00,2001-04-11 00:00:00,2002-04-04 00:00:00,2003-04-13 00:00:00,2004-04-09 00:00:00,2005-04-20 00:00:00,2006-04-16 00:00:00,2007-04-13 00:00:00,2008-04-09 00:00:00,2009-04-13 00:00:00,2010-04-17 00:00:00,2011-04-18 00:00:00,2012-04-20 00:00:00,2013-04-12 00:00:00,2014-04-12 00:00:00,2015-04-09 00:00:00,2016-04-07 00:00:00,2017-04-13 00:00:00,2018-04-05 00:00:00,2019-04-12 00:00:00,2020-04-07 00:00:00,2021-03-31 00:00:00,2022-04-11 00:00:00,2023-03-31 00:00:00,2024-04-11 00:00:00,2025-04-09 00:00:00,37.6452283,138.7669125
Kanazawa,1981-04-13 00:00:00,1982-04-06 00:00:00,1983-04-11 00:00:00,1984-04-20 00:00:00,1985-04-11 00:00:00,1986-04-14 00:00:00,1987-04-06 00:00:00,1988-04-17 00:00:00,1989-04-02 00:00:00,1990-04-02 00:00:00,1991-04-11 00:00:00,1992-04-07 00:00:00,1993-04-16 00:00:00,1994-04-14 00:00:00,1995-04-12 00:00:00,1996-04-17 00:00:00,1997-04-08 00:00:00,1998-04-07 00:00:00,1999-04-07 00:00:00,2000-04-12 00:00:00,2001-04-07 00:00:00,2002-04-01 00:00:00,2003-04-09 00:00:00,2004-04-01 00:00:00,2005-04-11 00:00:00,2006-04-12 00:00:00,2007-04-09 00:00:00,2008-04-06 00:00:00,2009-04-10 00:00:00,2010-04-06 00:00:00,2011-04-12 00:00:00,2012-04-13 00:00:00,2013-04-05 00:00:00,2014-04-07 00:00:00,2015-04-04 00:00:00,2016-04-04 00:00:00,2017-04-08 00:00:00,2018-04-03 00:00:00,2019-04-06 00:00:00,2020-04-01 00:00:00,2021-03-29 00:00:00,2022-04-05 00:00:00,2023-03-30 00:00:00,2024-04-08 00:00:00,2025-04-06 00:00:00,36.561627,136.6568822
Toyama,1981-04-14 00:00:00,1982-04-06 00:00:00,1983-04-13 00:00:00,1984-04-24 00:00:00,1985-04-14 00:00:00,1986-04-15 00:00:00,1987-04-08 00:00:00,1988-04-18 00:00:00,1989-04-03 00:00:00,1990-04-04 00:00:00,1991-04-15 00:00:00,1992-04-10 00:00:00,1993-04-16 00:00:00,1994-04-15 00:00:00,1995-04-11 00:00:00,1996-04-17 00:00:00,1997-04-07 00:00:00,1998-04-05 00:00:00,1999-04-06 00:00:00,2000-04-14 00:00:00,2001-04-09 00:00:00,2002-04-01 00:00:00,2003-04-11 00:00:00,2004-04-01 00:00:00,2005-04-12 00:00:00,2006-04-12 00:00:00,2007-04-08 00:00:00,2008-04-06 00:00:00,2009-04-08 00:00:00,2010-04-06 00:00:00,2011-04-11 00:00:00,2012-04-16 00:00:00,2013-04-06 00:00:00,2014-04-08 00:00:00,2015-04-04 00:00:00,2016-04-01 00:00:00,2017-04-08 00:00:00,2018-03-30 00:00:00,2019-04-05 00:00:00,2020-04-03 00:00:00,2021-03-28 00:00:00,2022-04-06 00:00:00,2023-03-27 00:00:00,2024-04-10 00:00:00,2025-04-06 00:00:00,36.6468015,137.2183531
Nagano,1981-04-23 00:00:00,1982-04-19 00:00:00,1983-04-16 00:00:00,1984-04-29 00:00:00,1985-04-18 00:00:00,1986-04-23 00:00:00,1987-04-16 00:00:00,1988-04-25 00:00:00,1989-04-11 00:00:00,1990-04-11 00:00:00,1991-04-15 00:00:00,1992-04-16 00:00:00,1993-04-21 00:00:00,1994-04-18 00:00:00,1995-04-21 00:00:00,1996-04-26 00:00:00,1997-04-16 00:00:00,1998-04-13 00:00:00,1999-04-13 00:00:00,2000-04-22 00:00:00,2001-04-13 00:00:00,2002-04-05 00:00:00,2003-04-18 00:00:00,2004-04-11 00:00:00,2005-04-19 00:00:00,2006-04-20 00:00:00,2007-04-14 00:00:00,2008-04-16 00:00:00,2009-04-12 00:00:00,2010-04-13 00:00:00,2011-04-21 00:00:00,2012-04-21 00:00:00,2013-04-15 00:00:00,2014-04-17 00:00:00,2015-04-10 00:00:00,2016-04-08 00:00:00,2017-04-17 00:00:00,2018-04-06 00:00:00,2019-04-18 00:00:00,2020-04-13 00:00:00,2021-04-01 00:00:00,2022-04-11 00:00:00,2023-04-03 00:00:00,2024-04-13 00:00:00,2025-04-13 00:00:00,36.1143945,138.0319015
Utsunomiya,1981-04-12 00:00:00,1982-04-07 00:00:00,1983-04-12 00:00:00,1984-04-24 00:00:00,1985-04-11 00:00:00,1986-04-16 00:00:00,1987-04-08 00:00:00,1988-04-15 00:00:00,1989-04-06 00:00:00,1990-04-02 00:00:00,1991-04-09 00:00:00,1992-04-04 00:00:00,1993-04-11 00:00:00,1994-04-08 00:00:00,1995-04-10 00:00:00,1996-04-15 00:00:00,1997-04-04 00:00:00,1998-04-06 00:00:00,1999-04-05 00:00:00,2000-04-12 00:00:00,2001-04-06 00:00:00,2002-03-25 00:00:00,2003-04-07 00:00:00,2004-03-31 00:00:00,2005-04-09 00:00:00,2006-04-04 00:00:00,2007-04-04 00:00:00,2008-04-03 00:00:00,2009-04-06 00:00:00,2010-04-08 00:00:00,2011-04-12 00:00:00,2012-04-12 00:00:00,2013-03-29 00:00:00,2014-04-04 00:00:00,2015-04-02 00:00:00,2016-04-04 00:00:00,2017-04-09 00:00:00,2018-03-29 00:00:00,2019-04-09 00:00:00,2020-04-03 00:00:00,2021-03-31 00:00:00,2022-04-02 00:00:00,2023-03-30 00:00:00,2024-04-11 00:00:00,2025-04-09 00:00:00,36.5549677,139.8828776
Fukui,1981-04-13 00:00:00,1982-04-05 00:00:00,1983-04-10 00:00:00,1984-04-21 00:00:00,1985-04-11 00:00:00,1986-04-14 00:00:00,1987-04-07 00:00:00,1988-04-18 00:00:00,1989-04-01 00:00:00,1990-04-01 00:00:00,1991-04-10 00:00:00,1992-04-05 00:00:00,1993-04-14 00:00:00,1994-04-11 00:00:00,1995-04-09 00:00:00,1996-04-14 00:00:00,1997-04-04 00:00:00,1998-04-04 00:00:00,1999-04-02 00:00:00,2000-04-13 00:00:00,2001-04-08 00:00:00,2002-03-31 00:00:00,2003-04-07 00:00:00,2004-04-01 00:00:00,2005-04-12 00:00:00,2006-04-12 00:00:00,2007-04-09 00:00:00,2008-04-06 00:00:00,2009-04-07 00:00:00,2010-04-06 00:00:00,2011-04-13 00:00:00,2012-04-13 00:00:00,2013-04-02 00:00:00,2014-04-03 00:00:00,2015-04-03 00:00:00,2016-03-31 00:00:00,2017-04-07 00:00:00,2018-04-02 00:00:00,2019-04-05 00:00:00,2020-03-31 00:00:00,2021-03-27 00:00:00,2022-04-06 00:00:00,2023-03-27 00:00:00,2024-04-06 00:00:00,2025-04-09 00:00:00,35.9263502,136.6068127
Maebashi,1981-04-08 00:00:00,1982-04-03 00:00:00,1983-04-10 00:00:00,1984-04-21 00:00:00,1985-04-11 00:00:00,1986-04-14 00:00:00,1987-04-04 00:00:00,1988-04-13 00:00:00,1989-04-02 00:00:00,1990-03-30 00:00:00,1991-04-08 00:00:00,1992-04-02 00:00:00,1993-04-04 00:00:00,1994-04-07 00:00:00,1995-04-11 00:00:00,1996-04-10 00:00:00,1997-04-03 00:00:00,1998-04-01 00:00:00,1999-04-04 00:00:00,2000-04-10 00:00:00,2001-04-04 00:00:00,2002-03-28 00:00:00,2003-04-08 00:00:00,2004-03-31 00:00:00,2005-04-08 00:00:00,2006-04-04 00:00:00,2007-04-07 00:00:00,2008-03-31 00:00:00,2009-04-08 00:00:00,2010-04-06 00:00:00,2011-04-11 00:00:00,2012-04-12 00:00:00,2013-04-01 00:00:00,2014-04-03 00:00:00,2015-04-01 00:00:00,2016-04-01 00:00:00,2017-04-07 00:00:00,2018-03-28 00:00:00,2019-04-07 00:00:00,2020-03-26 00:00:00,2021-03-28 00:00:00,2022-04-01 00:00:00,2023-03-24 00:00:00,2024-04-08 00:00:00,2025-04-07 00:00:00,36.3893418,139.0632826
Kumagaya,1981-04-07 00:00:00,1982-04-03 00:00:00,1983-04-10 00:00:00,1984-04-20 00:00:00,1985-04-09 00:00:00,1986-04-12 00:00:00,1987-04-04 00:00:00,1988-04-13 00:00:00,1989-04-04 00:00:00,1990-04-01 00:00:00,1991-04-08 00:00:00,1992-04-01 00:00:00,1993-04-04 00:00:00,1994-04-06 00:00:00,1995-04-09 00:00:00,1996-04-09 00:00:00,1997-04-04 00:00:00,1998-04-07 00:00:00,1999-04-05 00:00:00,2000-04-08 00:00:00,2001-04-03 00:00:00,2002-03-22 00:00:00,2003-04-04 00:00:00,2004-03-31 00:00:00,2005-04-08 00:00:00,2006-04-03 00:00:00,2007-04-01 00:00:00,2008-03-29 00:00:00,2009-04-05 00:00:00,2010-04-06 00:00:00,2011-04-08 00:00:00,2012-04-10 00:00:00,2013-03-26 00:00:00,2014-04-01 00:00:00,2015-03-30 00:00:00,2016-04-01 00:00:00,2017-04-07 00:00:00,2018-03-26 00:00:00,2019-04-04 00:00:00,2020-03-25 00:00:00,2021-03-29 00:00:00,2022-03-30 00:00:00,2023-03-26 00:00:00,2024-04-08 00:00:00,2025-04-07 00:00:00,36.1472472,139.3886141
Mito,1981-04-15 00:00:00,1982-04-08 00:00:00,1983-04-14 00:00:00,1984-04-27 00:00:00,1985-04-14 00:00:00,1986-04-16 00:00:00,1987-04-05 00:00:00,1988-04-14 00:00:00,1989-04-03 00:00:00,1990-03-30 00:00:00,1991-04-10 00:00:00,1992-04-06 00:00:00,1993-04-14 00:00:00,1994-04-07 00:00:00,1995-04-11 00:00:00,1996-04-14 00:00:00,1997-04-02 00:00:00,1998-04-08 00:00:00,1999-04-05 00:00:00,2000-04-08 00:00:00,2001-04-05 00:00:00,2002-03-28 00:00:00,2003-04-09 00:00:00,2004-03-31 00:00:00,2005-04-09 00:00:00,2006-04-04 00:00:00,2007-04-02 00:00:00,2008-04-03 00:00:00,2009-04-08 00:00:00,2010-04-07 00:00:00,2011-04-12 00:00:00,2012-04-12 00:00:00,2013-04-01 00:00:00,2014-04-02 00:00:00,2015-04-04 00:00:00,2016-04-06 00:00:00,2017-04-10 00:00:00,2018-03-28 00:00:00,2019-04-05 00:00:00,2020-03-31 00:00:00,2021-03-30 00:00:00,2022-04-06 00:00:00,2023-03-27 00:00:00,2024-04-08 00:00:00,2025-04-08 00:00:00,-11.9365814,-75.3384517
Gifu,1981-04-07 00:00:00,1982-03-30 00:00:00,1983-04-07 00:00:00,1984-04-16 00:00:00,1985-04-05 00:00:00,1986-04-07 00:00:00,1987-04-06 00:00:00,1988-04-10 00:00:00,1989-03-29 00:00:00,1990-03-27 00:00:00,1991-04-06 00:00:00,1992-03-31 00:00:00,1993-04-05 00:00:00,1994-04-05 00:00:00,1995-04-05 00:00:00,1996-04-08 00:00:00,1997-03-30 00:00:00,1998-03-31 00:00:00,1999-04-01 00:00:00,2000-04-10 00:00:00,2001-04-06 00:00:00,2002-03-27 00:00:00,2003-03-31 00:00:00,2004-04-01 00:00:00,2005-04-08 00:00:00,2006-04-05 00:00:00,2007-04-02 00:00:00,2008-03-29 00:00:00,2009-04-01 00:00:00,2010-03-31 00:00:00,2011-04-04 00:00:00,2012-04-06 00:00:00,2013-03-29 00:00:00,2014-03-31 00:00:00,2015-03-30 00:00:00,2016-03-31 00:00:00,2017-04-04 00:00:00,2018-03-26 00:00:00,2019-04-02 00:00:00,2020-04-01 00:00:00,2021-03-27 00:00:00,2022-03-28 00:00:00,2023-03-23 00:00:00,2024-04-04 00:00:00,2025-03-31 00:00:00,35.7867449,137.0460777
Nagoya,1981-04-05 00:00:00,1982-03-31 00:00:00,1983-04-06 00:00:00,1984-04-15 00:00:00,1985-04-06 00:00:00,1986-04-06 00:00:00,1987-04-06 00:00:00,1988-04-10 00:00:00,1989-03-30 00:00:00,1990-03-27 00:00:00,1991-04-05 00:00:00,1992-03-31 00:00:00,1993-04-04 00:00:00,1994-04-05 00:00:00,1995-04-06 00:00:00,1996-04-06 00:00:00,1997-03-30 00:00:00,1998-03-30 00:00:00,1999-04-01 00:00:00,2000-04-08 00:00:00,2001-04-03 00:00:00,2002-03-28 00:00:00,2003-03-31 00:00:00,2004-04-03 00:00:00,2005-04-08 00:00:00,2006-04-06 00:00:00,2007-04-02 00:00:00,2008-03-29 00:00:00,2009-04-03 00:00:00,2010-04-02 00:00:00,2011-04-06 00:00:00,2012-04-06 00:00:00,2013-03-28 00:00:00,2014-03-31 00:00:00,2015-03-30 00:00:00,2016-03-31 00:00:00,2017-04-06 00:00:00,2018-03-27 00:00:00,2019-04-04 00:00:00,2020-04-01 00:00:00,2021-03-28 00:00:00,2022-03-30 00:00:00,2023-03-27 00:00:00,2024-04-07 00:00:00,2025-04-04 00:00:00,35.1851045,136.8998438
Kofu,1981-04-06 00:00:00,1982-04-01 00:00:00,1983-04-08 00:00:00,1984-04-16 00:00:00,1985-04-06 00:00:00,1986-04-12 00:00:00,1987-04-05 00:00:00,1988-04-11 00:00:00,1989-04-01 00:00:00,1990-03-26 00:00:00,1991-04-05 00:00:00,1992-04-01 00:00:00,1993-04-02 00:00:00,1994-04-04 00:00:00,1995-04-07 00:00:00,1996-04-08 00:00:00,1997-03-30 00:00:00,1998-03-30 00:00:00,1999-03-28 00:00:00,2000-04-07 00:00:00,2001-04-02 00:00:00,2002-03-22 00:00:00,2003-04-01 00:00:00,2004-03-31 00:00:00,2005-04-07 00:00:00,2006-03-29 00:00:00,2007-03-30 00:00:00,2008-03-28 00:00:00,2009-03-31 00:00:00,2010-03-28 00:00:00,2011-04-08 00:00:00,2012-04-07 00:00:00,2013-03-26 00:00:00,2014-04-04 00:00:00,2015-03-31 00:00:00,2016-04-03 00:00:00,2017-04-09 00:00:00,2018-03-29 00:00:00,2019-04-07 00:00:00,2020-04-02 00:00:00,2021-03-29 00:00:00,2022-03-28 00:00:00,2023-03-24 00:00:00,2024-04-05 00:00:00,2025-04-04 00:00:00,35.6652481,138.5710441
Choshi,1981-04-13 00:00:00,1982-04-03 00:00:00,1983-04-13 00:00:00,1984-04-23 00:00:00,1985-04-09 00:00:00,1986-04-16 00:00:00,1987-04-06 00:00:00,1988-04-11 00:00:00,1989-04-02 00:00:00,1990-04-02 00:00:00,1991-04-10 00:00:00,1992-04-03 00:00:00,1993-04-14 00:00:00,1994-04-11 00:00:00,1995-04-09 00:00:00,1996-04-08 00:00:00,1997-04-06 00:00:00,1998-04-09 00:00:00,1999-04-03 00:00:00,2000-04-11 00:00:00,2001-04-02 00:00:00,2002-03-29 00:00:00,2003-04-04 00:00:00,2004-04-06 00:00:00,2005-04-10 00:00:00,2006-04-01 00:00:00,2007-04-05 00:00:00,2008-04-02 00:00:00,2009-04-07 00:00:00,2010-04-08 00:00:00,2011-04-12 00:00:00,2012-04-11 00:00:00,2013-03-28 00:00:00,2014-04-04 00:00:00,2015-04-06 00:00:00,2016-04-06 00:00:00,2017-04-10 00:00:00,2018-03-28 00:00:00,2019-04-05 00:00:00,2020-04-03 00:00:00,2021-03-28 00:00:00,2022-04-06 00:00:00,2023-03-30 00:00:00,2024-04-07 00:00:00,2025-04-07 00:00:00,35.7345338,140.8272667
Tsu,1981-04-05 00:00:00,1982-03-31 00:00:00,1983-04-08 00:00:00,1984-04-18 00:00:00,1985-04-06 00:00:00,1986-04-08 00:00:00,1987-04-06 00:00:00,1988-04-11 00:00:00,1989-04-01 00:00:00,1990-03-30 00:00:00,1991-04-07 00:00:00,1992-04-02 00:00:00,1993-04-07 00:00:00,1994-04-07 00:00:00,1995-04-10 00:00:00,1996-04-11 00:00:00,1997-04-04 00:00:00,1998-03-31 00:00:00,1999-04-03 00:00:00,2000-04-09 00:00:00,2001-04-04 00:00:00,2002-03-27 00:00:00,2003-04-02 00:00:00,2004-04-01 00:00:00,2005-04-08 00:00:00,2006-04-06 00:00:00,2007-04-01 00:00:00,2008-04-01 00:00:00,2009-04-02 00:00:00,2010-04-01 00:00:00,2011-04-05 00:00:00,2012-04-08 00:00:00,2013-03-30 00:00:00,2014-04-01 00:00:00,2015-03-31 00:00:00,2016-04-02 00:00:00,2017-04-05 00:00:00,2018-03-29 00:00:00,2019-04-03 00:00:00,2020-03-31 00:00:00,2021-03-25 00:00:00,2022-03-30 00:00:00,2023-03-27 00:00:00,2024-04-02 00:00:00,2025-04-02 00:00:00,36.1679249,-86.8271487
Shizuoka,1981-04-03 00:00:00,1982-03-29 00:00:00,1983-04-10 00:00:00,1984-04-12 00:00:00,1985-04-04 00:00:00,1986-04-06 00:00:00,1987-04-05 00:00:00,1988-04-12 00:00:00,1989-04-02 00:00:00,1990-04-02 00:00:00,1991-04-10 00:00:00,1992-04-04 00:00:00,1993-04-09 00:00:00,1994-04-09 00:00:00,1995-04-08 00:00:00,1996-04-02 00:00:00,1997-03-30 00:00:00,1998-03-31 00:00:00,1999-04-01 00:00:00,2000-04-06 00:00:00,2001-04-02 00:00:00,2002-03-22 00:00:00,2003-03-28 00:00:00,2004-04-01 00:00:00,2005-04-07 00:00:00,2006-03-27 00:00:00,2007-03-30 00:00:00,2008-03-27 00:00:00,2009-03-27 00:00:00,2010-03-26 00:00:00,2011-04-04 00:00:00,2012-04-01 00:00:00,2013-03-23 00:00:00,2014-03-31 00:00:00,2015-04-01 00:00:00,2016-04-05 00:00:00,2017-04-12 00:00:00,2018-03-27 00:00:00,2019-04-06 00:00:00,2020-04-07 00:00:00,2021-03-28 00:00:00,2022-03-30 00:00:00,2023-03-29 00:00:00,2024-04-08 00:00:00,2025-04-03 00:00:00,34.9332488,138.0955398
Tokyo,1981-04-08 00:00:00,1982-03-31 00:00:00,1983-04-08 00:00:00,1984-04-17 00:00:00,1985-04-10 00:00:00,1986-04-10 00:00:00,1987-04-05 00:00:00,1988-04-11 00:00:00,1989-04-03 00:00:00,1990-03-26 00:00:00,1991-04-08 00:00:00,1992-04-01 00:00:00,1993-04-02 00:00:00,1994-04-05 00:00:00,1995-04-07 00:00:00,1996-04-07 00:00:00,1997-03-30 00:00:00,1998-03-31 00:00:00,1999-04-02 00:00:00,2000-04-06 00:00:00,2001-03-28 00:00:00,2002-03-21 00:00:00,2003-04-01 00:00:00,2004-03-29 00:00:00,2005-04-06 00:00:00,2006-03-28 00:00:00,2007-03-29 00:00:00,2008-03-27 00:00:00,2009-04-02 00:00:00,2010-04-01 00:00:00,2011-04-06 00:00:00,2012-04-06 00:00:00,2013-03-22 00:00:00,2014-03-30 00:00:00,2015-03-29 00:00:00,2016-03-31 00:00:00,2017-04-02 00:00:00,2018-03-24 00:00:00,2019-03-27 00:00:00,2020-03-22 00:00:00,2021-03-22 00:00:00,2022-03-27 00:00:00,2023-03-22 00:00:00,2024-04-04 00:00:00,2025-03-30 00:00:00,35.6768601,139.7638947
Yokohama,1981-04-07 00:00:00,1982-03-31 00:00:00,1983-04-08 00:00:00,1984-04-15 00:00:00,1985-04-08 00:00:00,1986-04-09 00:00:00,1987-03-31 00:00:00,1988-04-09 00:00:00,1989-04-01 00:00:00,1990-03-23 00:00:00,1991-04-06 00:00:00,1992-03-31 00:00:00,1993-04-02 00:00:00,1994-04-06 00:00:00,1995-04-07 00:00:00,1996-04-04 00:00:00,1997-03-31 00:00:00,1998-04-04 00:00:00,1999-04-02 00:00:00,2000-04-07 00:00:00,2001-03-29 00:00:00,2002-03-22 00:00:00,2003-04-01 00:00:00,2004-03-30 00:00:00,2005-04-07 00:00:00,2006-03-28 00:00:00,2007-03-30 00:00:00,2008-03-29 00:00:00,2009-04-04 00:00:00,2010-04-02 00:00:00,2011-04-08 00:00:00,2012-04-09 00:00:00,2013-03-22 00:00:00,2014-03-31 00:00:00,2015-03-31 00:00:00,2016-04-02 00:00:00,2017-04-06 00:00:00,2018-03-27 00:00:00,2019-04-01 00:00:00,2020-03-28 00:00:00,2021-03-27 00:00:00,2022-03-28 00:00:00,2023-03-25 00:00:00,2024-04-07 00:00:00,2025-04-04 00:00:00,35.4503381,139.6343802
Matsue,1981-04-12 00:00:00,1982-04-07 00:00:00,1983-04-11 00:00:00,1984-04-17 00:00:00,1985-04-11 00:00:00,1986-04-13 00:00:00,1987-04-07 00:00:00,1988-04-15 00:00:00,1989-04-03 00:00:00,1990-03-30 00:00:00,1991-04-12 00:00:00,1992-04-05 00:00:00,1993-04-15 00:00:00,1994-04-10 00:00:00,1995-04-09 00:00:00,1996-04-14 00:00:00,1997-04-04 00:00:00,1998-04-04 00:00:00,1999-04-06 00:00:00,2000-04-08 00:00:00,2001-04-06 00:00:00,2002-03-30 00:00:00,2003-04-06 00:00:00,2004-03-31 00:00:00,2005-04-08 00:00:00,2006-04-06 00:00:00,2007-04-03 00:00:00,2008-04-06 00:00:00,2009-04-06 00:00:00,2010-04-03 00:00:00,2011-04-12 00:00:00,2012-04-10 00:00:00,2013-03-31 00:00:00,2014-04-02 00:00:00,2015-04-02 00:00:00,2016-03-30 00:00:00,2017-04-07 00:00:00,2018-03-29 00:00:00,2019-04-01 00:00:00,2020-03-30 00:00:00,2021-03-27 00:00:00,2022-03-31 00:00:00,2023-03-27 00:00:00,2024-04-03 00:00:00,2025-04-02 00:00:00,35.468115,133.048768
Tottori,1981-04-07 00:00:00,1982-04-04 00:00:00,1983-04-08 00:00:00,1984-04-17 00:00:00,1985-04-10 00:00:00,1986-04-12 00:00:00,1987-04-06 00:00:00,1988-04-15 00:00:00,1989-04-03 00:00:00,1990-03-30 00:00:00,1991-04-10 00:00:00,1992-04-06 00:00:00,1993-04-14 00:00:00,1994-04-09 00:00:00,1995-04-08 00:00:00,1996-04-14 00:00:00,1997-04-04 00:00:00,1998-03-31 00:00:00,1999-04-01 00:00:00,2000-04-09 00:00:00,2001-04-03 00:00:00,2002-03-30 00:00:00,2003-04-07 00:00:00,2004-03-29 00:00:00,2005-04-08 00:00:00,2006-04-07 00:00:00,2007-04-08 00:00:00,2008-04-04 00:00:00,2009-04-07 00:00:00,2010-04-04 00:00:00,2011-04-08 00:00:00,2012-04-10 00:00:00,2013-03-29 00:00:00,2014-04-02 00:00:00,2015-04-01 00:00:00,2016-03-31 00:00:00,2017-04-07 00:00:00,2018-03-28 00:00:00,2019-04-04 00:00:00,2020-03-31 00:00:00,2021-03-29 00:00:00,2022-04-01 00:00:00,2023-03-24 00:00:00,2024-04-06 00:00:00,2025-04-04 00:00:00,35.3555075,133.8678525
Kyoto,1981-04-08 00:00:00,1982-03-31 00:00:00,1983-04-09 00:00:00,1984-04-14 00:00:00,1985-04-08 00:00:00,1986-04-08 00:00:00,1987-04-06 00:00:00,1988-04-11 00:00:00,1989-04-02 00:00:00,1990-03-29 00:00:00,1991-04-06 00:00:00,1992-04-03 00:00:00,1993-04-06 00:00:00,1994-04-06 00:00:00,1995-04-06 00:00:00,1996-04-09 00:00:00,1997-04-04 00:00:00,1998-04-01 00:00:00,1999-04-02 00:00:00,2000-04-10 00:00:00,2001-04-03 00:00:00,2002-03-28 00:00:00,2003-04-04 00:00:00,2004-04-03 00:00:00,2005-04-08 00:00:00,2006-04-06 00:00:00,2007-04-03 00:00:00,2008-04-01 00:00:00,2009-04-05 00:00:00,2010-04-01 00:00:00,2011-04-07 00:00:00,2012-04-09 00:00:00,2013-03-30 00:00:00,2014-04-02 00:00:00,2015-04-01 00:00:00,2016-04-02 00:00:00,2017-04-07 00:00:00,2018-03-28 00:00:00,2019-04-06 00:00:00,2020-03-30 00:00:00,2021-03-26 00:00:00,2022-03-30 00:00:00,2023-03-24 00:00:00,2024-04-05 00:00:00,2025-04-05 00:00:00,35.0115754,135.7681441
Hikone,1981-04-11 00:00:00,1982-04-05 00:00:00,1983-04-11 00:00:00,1984-04-19 00:00:00,1985-04-11 00:00:00,1986-04-14 00:00:00,1987-04-09 00:00:00,1988-04-14 00:00:00,1989-04-04 00:00:00,1990-04-02 00:00:00,1991-04-09 00:00:00,1992-04-06 00:00:00,1993-04-11 00:00:00,1994-04-11 00:00:00,1995-04-10 00:00:00,1996-04-17 00:00:00,1997-04-06 00:00:00,1998-04-05 00:00:00,1999-04-08 00:00:00,2000-04-14 00:00:00,2001-04-08 00:00:00,2002-04-02 00:00:00,2003-04-06 00:00:00,2004-04-02 00:00:00,2005-04-10 00:00:00,2006-04-12 00:00:00,2007-04-11 00:00:00,2008-04-06 00:00:00,2009-04-08 00:00:00,2010-04-07 00:00:00,2011-04-11 00:00:00,2012-04-12 00:00:00,2013-04-05 00:00:00,2014-04-09 00:00:00,2015-04-04 00:00:00,2016-04-05 00:00:00,2017-04-09 00:00:00,2018-04-01 00:00:00,2019-04-08 00:00:00,2020-04-03 00:00:00,2021-03-30 00:00:00,2022-04-06 00:00:00,2023-03-30 00:00:00,2024-04-09 00:00:00,2025-04-09 00:00:00,35.2744066,136.2596539
Hiroshima,1981-04-05 00:00:00,1982-04-01 00:00:00,1983-04-08 00:00:00,1984-04-14 00:00:00,1985-04-08 00:00:00,1986-04-08 00:00:00,1987-04-05 00:00:00,1988-04-10 00:00:00,1989-04-01 00:00:00,1990-03-31 00:00:00,1991-04-07 00:00:00,1992-04-03 00:00:00,1993-04-04 00:00:00,1994-04-04 00:00:00,1995-04-08 00:00:00,1996-04-08 00:00:00,1997-04-01 00:00:00,1998-03-29 00:00:00,1999-04-04 00:00:00,2000-04-04 00:00:00,2001-04-01 00:00:00,2002-03-27 00:00:00,2003-04-01 00:00:00,2004-03-31 00:00:00,2005-04-09 00:00:00,2006-04-06 00:00:00,2007-04-02 00:00:00,2008-04-02 00:00:00,2009-04-05 00:00:00,2010-04-02 00:00:00,2011-04-10 00:00:00,2012-04-09 00:00:00,2013-03-29 00:00:00,2014-03-30 00:00:00,2015-03-30 00:00:00,2016-04-02 00:00:00,2017-04-07 00:00:00,2018-03-28 00:00:00,2019-04-03 00:00:00,2020-04-03 00:00:00,2021-03-25 00:00:00,2022-03-29 00:00:00,2023-03-28 00:00:00,2024-04-05 00:00:00,2025-04-02 00:00:00,34.3917241,132.4517589
Okayama,1981-04-08 00:00:00,1982-04-02 00:00:00,1983-04-08 00:00:00,1984-04-15 00:00:00,1985-04-09 00:00:00,1986-04-10 00:00:00,1987-04-05 00:00:00,1988-04-13 00:00:00,1989-04-02 00:00:00,1990-03-30 00:00:00,1991-04-07 00:00:00,1992-04-05 00:00:00,1993-04-08 00:00:00,1994-04-06 00:00:00,1995-04-08 00:00:00,1996-04-10 00:00:00,1997-04-04 00:00:00,1998-04-01 00:00:00,1999-04-03 00:00:00,2000-04-08 00:00:00,2001-04-06 00:00:00,2002-03-29 00:00:00,2003-04-05 00:00:00,2004-04-02 00:00:00,2005-04-09 00:00:00,2006-04-07 00:00:00,2007-04-04 00:00:00,2008-04-04 00:00:00,2009-04-05 00:00:00,2010-04-03 00:00:00,2011-04-07 00:00:00,2012-04-09 00:00:00,2013-03-31 00:00:00,2014-04-02 00:00:00,2015-04-02 00:00:00,2016-04-01 00:00:00,2017-04-07 00:00:00,2018-03-28 00:00:00,2019-04-05 00:00:00,2020-03-31 00:00:00,2021-03-29 00:00:00,2022-03-30 00:00:00,2023-03-27 00:00:00,2024-04-05 00:00:00,2025-04-05 00:00:00,34.8581334,133.7759256
Kobe,1981-04-06 00:00:00,1982-03-31 00:00:00,1983-04-08 00:00:00,1984-04-14 00:00:00,1985-04-07 00:00:00,1986-04-09 00:00:00,1987-04-05 00:00:00,1988-04-11 00:00:00,1989-04-01 00:00:00,1990-03-28 00:00:00,1991-04-06 00:00:00,1992-04-03 00:00:00,1993-04-10 00:00:00,1994-04-06 00:00:00,1995-04-10 00:00:00,1996-04-08 00:00:00,1997-04-02 00:00:00,1998-03-31 00:00:00,1999-04-02 00:00:00,2000-04-08 00:00:00,2001-04-02 00:00:00,2002-03-30 00:00:00,2003-04-02 00:00:00,2004-04-06 00:00:00,2005-04-09 00:00:00,2006-04-08 00:00:00,2007-04-08 00:00:00,2008-04-03 00:00:00,2009-04-06 00:00:00,2010-04-04 00:00:00,2011-04-10 00:00:00,2012-04-09 00:00:00,2013-03-31 00:00:00,2014-04-01 00:00:00,2015-04-02 00:00:00,2016-04-03 00:00:00,2017-04-10 00:00:00,2018-03-29 00:00:00,2019-04-06 00:00:00,2020-04-03 00:00:00,2021-03-30 00:00:00,2022-04-01 00:00:00,2023-03-31 00:00:00,2024-04-07 00:00:00,2025-04-06 00:00:00,34.6932379,135.1943764
Osaka,1981-04-06 00:00:00,1982-03-31 00:00:00,1983-04-08 00:00:00,1984-04-16 00:00:00,1985-04-08 00:00:00,1986-04-09 00:00:00,1987-04-07 00:00:00,1988-04-11 00:00:00,1989-04-01 00:00:00,1990-03-30 00:00:00,1991-04-06 00:00:00,1992-04-02 00:00:00,1993-04-07 00:00:00,1994-04-06 00:00:00,1995-04-07 00:00:00,1996-04-09 00:00:00,1997-04-04 00:00:00,1998-04-03 00:00:00,1999-03-29 00:00:00,2000-04-08 00:00:00,2001-04-04 00:00:00,2002-03-28 00:00:00,2003-04-02 00:00:00,2004-04-02 00:00:00,2005-04-08 00:00:00,2006-04-04 00:00:00,2007-04-03 00:00:00,2008-04-02 00:00:00,2009-04-06 00:00:00,2010-04-04 00:00:00,2011-04-07 00:00:00,2012-04-09 00:00:00,2013-03-29 00:00:00,2014-04-02 00:00:00,2015-04-01 00:00:00,2016-04-01 00:00:00,2017-04-06 00:00:00,2018-03-26 00:00:00,2019-04-04 00:00:00,2020-04-03 00:00:00,2021-03-28 00:00:00,2022-03-30 00:00:00,2023-03-27 00:00:00,2024-04-06 00:00:00,2025-04-04 00:00:00,34.6937569,135.5014539
Wakayama,1981-04-02 00:00:00,1982-03-28 00:00:00,1983-04-07 00:00:00,1984-04-11 00:00:00,1985-04-06 00:00:00,1986-04-08 00:00:00,1987-04-08 00:00:00,1988-04-12 00:00:00,1989-04-02 00:00:00,1990-04-01 00:00:00,1991-04-05 00:00:00,1992-04-03 00:00:00,1993-04-07 00:00:00,1994-04-06 00:00:00,1995-04-07 00:00:00,1996-04-08 00:00:00,1997-04-01 00:00:00,1998-04-04 00:00:00,1999-04-02 00:00:00,2000-04-06 00:00:00,2001-04-02 00:00:00,2002-03-26 00:00:00,2003-04-03 00:00:00,2004-04-01 00:00:00,2005-04-07 00:00:00,2006-04-04 00:00:00,2007-04-01 00:00:00,2008-04-02 00:00:00,2009-04-03 00:00:00,2010-03-31 00:00:00,2011-04-07 00:00:00,2012-04-04 00:00:00,2013-03-26 00:00:00,2014-03-31 00:00:00,2015-03-30 00:00:00,2016-03-31 00:00:00,2017-04-07 00:00:00,2018-03-27 00:00:00,2019-04-01 00:00:00,2020-03-31 00:00:00,2021-03-27 00:00:00,2022-03-29 00:00:00,2023-03-25 00:00:00,2024-04-03 00:00:00,2025-03-30 00:00:00,33.8070292,135.5930743
Nara,1981-04-06 00:00:00,1982-04-01 00:00:00,1983-04-07 00:00:00,1984-04-16 00:00:00,1985-04-08 00:00:00,1986-04-10 00:00:00,1987-04-06 00:00:00,1988-04-14 00:00:00,1989-04-02 00:00:00,1990-03-28 00:00:00,1991-04-05 00:00:00,1992-04-01 00:00:00,1993-04-07 00:00:00,1994-04-06 00:00:00,1995-04-08 00:00:00,1996-04-08 00:00:00,1997-04-03 00:00:00,1998-03-31 00:00:00,1999-04-02 00:00:00,2000-04-10 00:00:00,2001-04-04 00:00:00,2002-03-26 00:00:00,2003-04-04 00:00:00,2004-03-30 00:00:00,2005-04-07 00:00:00,2006-04-05 00:00:00,2007-04-04 00:00:00,2008-04-03 00:00:00,2009-04-06 00:00:00,2010-04-02 00:00:00,2011-04-08 00:00:00,2012-04-09 00:00:00,2013-03-29 00:00:00,2014-04-01 00:00:00,2015-03-31 00:00:00,2016-04-02 00:00:00,2017-04-08 00:00:00,2018-03-29 00:00:00,2019-04-05 00:00:00,2020-04-03 00:00:00,2021-03-30 00:00:00,2022-03-31 00:00:00,2023-03-27 00:00:00,2024-04-08 00:00:00,2025-04-04 00:00:00,-0.5252306,166.9324426
Matsuyama,1981-04-01 00:00:00,1982-03-27 00:00:00,1983-04-06 00:00:00,1984-04-11 00:00:00,1985-04-06 00:00:00,1986-04-06 00:00:00,1987-04-06 00:00:00,1988-04-12 00:00:00,1989-04-01 00:00:00,1990-03-28 00:00:00,1991-04-05 00:00:00,1992-04-02 00:00:00,1993-04-07 00:00:00,1994-04-05 00:00:00,1995-04-08 00:00:00,1996-04-08 00:00:00,1997-04-01 00:00:00,1998-04-05 00:00:00,1999-04-02 00:00:00,2000-04-04 00:00:00,2001-03-30 00:00:00,2002-03-26 00:00:00,2003-04-02 00:00:00,2004-04-02 00:00:00,2005-04-07 00:00:00,2006-04-03 00:00:00,2007-04-01 00:00:00,2008-04-04 00:00:00,2009-04-01 00:00:00,2010-04-02 00:00:00,2011-04-06 00:00:00,2012-04-04 00:00:00,2013-03-27 00:00:00,2014-03-29 00:00:00,2015-04-01 00:00:00,2016-04-03 00:00:00,2017-04-08 00:00:00,2018-03-27 00:00:00,2019-04-05 00:00:00,2020-04-09 00:00:00,2021-03-27 00:00:00,2022-03-28 00:00:00,2023-03-28 00:00:00,2024-04-05 00:00:00,2025-03-30 00:00:00,33.8395188,132.7653521
Takamatsu,1981-04-06 00:00:00,1982-04-02 00:00:00,1983-04-09 00:00:00,1984-04-15 00:00:00,1985-04-08 00:00:00,1986-04-10 00:00:00,1987-04-05 00:00:00,1988-04-13 00:00:00,1989-04-02 00:00:00,1990-03-29 00:00:00,1991-04-07 00:00:00,1992-04-04 00:00:00,1993-04-08 00:00:00,1994-04-06 00:00:00,1995-04-08 00:00:00,1996-04-10 00:00:00,1997-04-04 00:00:00,1998-04-02 00:00:00,1999-04-04 00:00:00,2000-04-06 00:00:00,2001-03-31 00:00:00,2002-03-23 00:00:00,2003-04-04 00:00:00,2004-04-03 00:00:00,2005-04-06 00:00:00,2006-04-06 00:00:00,2007-04-04 00:00:00,2008-04-03 00:00:00,2009-04-03 00:00:00,2010-04-04 00:00:00,2011-04-08 00:00:00,2012-04-06 00:00:00,2013-03-30 00:00:00,2014-03-31 00:00:00,2015-04-01 00:00:00,2016-04-04 00:00:00,2017-04-08 00:00:00,2018-03-29 00:00:00,2019-04-04 00:00:00,2020-04-04 00:00:00,2021-03-27 00:00:00,2022-03-30 00:00:00,2023-03-29 00:00:00,2024-04-05 00:00:00,2025-04-03 00:00:00,34.3425592,134.0465338
Kochi,1981-03-28 00:00:00,1982-03-24 00:00:00,1983-04-04 00:00:00,1984-04-03 00:00:00,1985-03-31 00:00:00,1986-04-02 00:00:00,1987-04-03 00:00:00,1988-04-07 00:00:00,1989-03-24 00:00:00,1990-03-23 00:00:00,1991-03-29 00:00:00,1992-04-02 00:00:00,1993-04-06 00:00:00,1994-04-05 00:00:00,1995-04-07 00:00:00,1996-04-02 00:00:00,1997-03-26 00:00:00,1998-03-31 00:00:00,1999-04-01 00:00:00,2000-04-03 00:00:00,2001-03-30 00:00:00,2002-03-23 00:00:00,2003-03-25 00:00:00,2004-03-31 00:00:00,2005-04-06 00:00:00,2006-03-24 00:00:00,2007-04-01 00:00:00,2008-03-28 00:00:00,2009-03-24 00:00:00,2010-03-21 00:00:00,2011-03-31 00:00:00,2012-03-27 00:00:00,2013-03-22 00:00:00,2014-03-25 00:00:00,2015-03-30 00:00:00,2016-04-02 00:00:00,2017-04-06 00:00:00,2018-03-19 00:00:00,2019-03-29 00:00:00,2020-04-02 00:00:00,2021-03-23 00:00:00,2022-03-27 00:00:00,2023-03-24 00:00:00,2024-03-31 00:00:00,2025-03-28 00:00:00,9.9679032,76.2444378
Tokushima,1981-04-06 00:00:00,1982-03-31 00:00:00,1983-04-09 00:00:00,1984-04-10 00:00:00,1985-04-08 00:00:00,1986-04-07 00:00:00,1987-04-07 00:00:00,1988-04-13 00:00:00,1989-04-03 00:00:00,1990-03-31 00:00:00,1991-04-07 00:00:00,1992-04-04 00:00:00,1993-04-09 00:00:00,1994-04-07 00:00:00,1995-04-07 00:00:00,1996-04-06 00:00:00,1997-04-02 00:00:00,1998-04-03 00:00:00,1999-04-02 00:00:00,2000-04-07 00:00:00,2001-04-03 00:00:00,2002-03-27 00:00:00,2003-04-03 00:00:00,2004-04-03 00:00:00,2005-04-06 00:00:00,2006-04-04 00:00:00,2007-04-03 00:00:00,2008-04-03 00:00:00,2009-04-03 00:00:00,2010-04-06 00:00:00,2011-04-08 00:00:00,2012-04-05 00:00:00,2013-03-30 00:00:00,2014-04-01 00:00:00,2015-04-03 00:00:00,2016-04-08 00:00:00,2017-04-10 00:00:00,2018-03-28 00:00:00,2019-04-07 00:00:00,2020-04-05 00:00:00,2021-04-01 00:00:00,2022-03-30 00:00:00,2023-03-31 00:00:00,2024-04-06 00:00:00,2025-04-06 00:00:00,33.9196418,134.2509634
Shimonoseki,1981-04-06 00:00:00,1982-04-02 00:00:00,1983-04-09 00:00:00,1984-04-12 00:00:00,1985-04-09 00:00:00,1986-04-09 00:00:00,1987-04-08 00:00:00,1988-04-13 00:00:00,1989-04-02 00:00:00,1990-03-31 00:00:00,1991-04-12 00:00:00,1992-04-04 00:00:00,1993-04-09 00:00:00,1994-04-05 00:00:00,1995-04-10 00:00:00,1996-04-07 00:00:00,1997-04-01 00:00:00,1998-04-05 00:00:00,1999-04-06 00:00:00,2000-04-05 00:00:00,2001-04-04 00:00:00,2002-03-28 00:00:00,2003-04-01 00:00:00,2004-04-02 00:00:00,2005-04-08 00:00:00,2006-04-07 00:00:00,2007-04-02 00:00:00,2008-04-04 00:00:00,2009-04-01 00:00:00,2010-04-01 00:00:00,2011-04-07 00:00:00,2012-04-06 00:00:00,2013-03-28 00:00:00,2014-03-30 00:00:00,2015-04-01 00:00:00,2016-04-03 00:00:00,2017-04-07 00:00:00,2018-03-29 00:00:00,2019-04-05 00:00:00,2020-04-05 00:00:00,2021-03-26 00:00:00,2022-04-01 00:00:00,2023-03-31 00:00:00,2024-04-05 00:00:00,2025-04-04 00:00:00,33.9577116,130.9415455
Fukuoka,1981-04-02 00:00:00,1982-03-26 00:00:00,1983-04-04 00:00:00,1984-04-10 00:00:00,1985-04-07 00:00:00,1986-04-03 00:00:00,1987-04-03 00:00:00,1988-04-09 00:00:00,1989-03-28 00:00:00,1990-03-28 00:00:00,1991-04-06 00:00:00,1992-03-31 00:00:00,1993-04-05 00:00:00,1994-04-05 00:00:00,1995-04-08 00:00:00,1996-04-01 00:00:00,1997-03-28 00:00:00,1998-04-03 00:00:00,1999-04-01 00:00:00,2000-04-02 00:00:00,2001-04-01 00:00:00,2002-03-25 00:00:00,2003-03-28 00:00:00,2004-03-30 00:00:00,2005-04-06 00:00:00,2006-04-03 00:00:00,2007-03-31 00:00:00,2008-04-02 00:00:00,2009-03-23 00:00:00,2010-03-25 00:00:00,2011-04-02 00:00:00,2012-04-01 00:00:00,2013-03-22 00:00:00,2014-03-27 00:00:00,2015-03-29 00:00:00,2016-03-30 00:00:00,2017-04-05 00:00:00,2018-03-27 00:00:00,2019-03-29 00:00:00,2020-04-02 00:00:00,2021-03-22 00:00:00,2022-03-27 00:00:00,2023-03-26 00:00:00,2024-04-02 00:00:00,2025-03-28 00:00:00,33.6251241,130.6180016
Saga,1981-03-31 00:00:00,1982-03-25 00:00:00,1983-04-05 00:00:00,1984-04-06 00:00:00,1985-04-05 00:00:00,1986-04-03 00:00:00,1987-04-04 00:00:00,1988-04-10 00:00:00,1989-04-01 00:00:00,1990-03-31 00:00:00,1991-04-05 00:00:00,1992-04-04 00:00:00,1993-04-06 00:00:00,1994-04-05 00:00:00,1995-04-08 00:00:00,1996-04-05 00:00:00,1997-03-31 00:00:00,1998-03-31 00:00:00,1999-04-01 00:00:00,2000-04-03 00:00:00,2001-04-04 00:00:00,2002-03-27 00:00:00,2003-03-30 00:00:00,2004-03-31 00:00:00,2005-04-07 00:00:00,2006-04-03 00:00:00,2007-03-31 00:00:00,2008-04-02 00:00:00,2009-03-29 00:00:00,2010-04-02 00:00:00,2011-04-05 00:00:00,2012-04-03 00:00:00,2013-03-25 00:00:00,2014-03-26 00:00:00,2015-03-31 00:00:00,2016-03-31 00:00:00,2017-04-08 00:00:00,2018-03-27 00:00:00,2019-04-01 00:00:00,2020-04-02 00:00:00,2021-03-24 00:00:00,2022-03-28 00:00:00,2023-03-31 00:00:00,2024-04-02 00:00:00,2025-04-02 00:00:00,59.336058,18.0670248
Oita,1981-04-01 00:00:00,1982-03-27 00:00:00,1983-04-05 00:00:00,1984-04-09 00:00:00,1985-04-05 00:00:00,1986-04-04 00:00:00,1987-04-06 00:00:00,1988-04-12 00:00:00,1989-04-01 00:00:00,1990-03-27 00:00:00,1991-04-05 00:00:00,1992-04-03 00:00:00,1993-04-08 00:00:00,1994-04-05 00:00:00,1995-04-07 00:00:00,1996-04-07 00:00:00,1997-04-01 00:00:00,1998-04-02 00:00:00,1999-04-08 00:00:00,2000-04-03 00:00:00,2001-04-04 00:00:00,2002-03-28 00:00:00,2003-04-02 00:00:00,2004-04-03 00:00:00,2005-04-08 00:00:00,2006-04-03 00:00:00,2007-04-04 00:00:00,2008-04-04 00:00:00,2009-03-28 00:00:00,2010-03-29 00:00:00,2011-04-05 00:00:00,2012-04-03 00:00:00,2013-03-25 00:00:00,2014-03-30 00:00:00,2015-04-03 00:00:00,2016-04-08 00:00:00,2017-04-13 00:00:00,2018-03-30 00:00:00,2019-04-06 00:00:00,2020-04-08 00:00:00,2021-03-30 00:00:00,2022-04-01 00:00:00,2023-04-03 00:00:00,2024-04-05 00:00:00,2025-04-04 00:00:00,33.2393864,131.6096524
Nagasaki,1981-03-31 00:00:00,1982-03-28 00:00:00,1983-04-06 00:00:00,1984-04-06 00:00:00,1985-04-05 00:00:00,1986-04-03 00:00:00,1987-04-04 00:00:00,1988-04-09 00:00:00,1989-03-31 00:00:00,1990-03-29 00:00:00,1991-04-04 00:00:00,1992-04-01 00:00:00,1993-04-07 00:00:00,1994-04-05 00:00:00,1995-04-10 00:00:00,1996-04-06 00:00:00,1997-03-29 00:00:00,1998-04-04 00:00:00,1999-04-04 00:00:00,2000-04-02 00:00:00,2001-04-01 00:00:00,2002-03-29 00:00:00,2003-03-29 00:00:00,2004-04-02 00:00:00,2005-04-08 00:00:00,2006-04-03 00:00:00,2007-04-01 00:00:00,2008-04-06 00:00:00,2009-03-27 00:00:00,2010-03-31 00:00:00,2011-04-07 00:00:00,2012-04-02 00:00:00,2013-03-23 00:00:00,2014-03-27 00:00:00,2015-03-31 00:00:00,2016-03-30 00:00:00,2017-04-07 00:00:00,2018-03-26 00:00:00,2019-04-03 00:00:00,2020-04-03 00:00:00,2021-03-23 00:00:00,2022-03-29 00:00:00,2023-03-30 00:00:00,2024-04-02 00:00:00,2025-03-31 00:00:00,33.1154683,129.7874339
Kumamoto,1981-03-31 00:00:00,1982-03-24 00:00:00,1983-04-03 00:00:00,1984-04-05 00:00:00,1985-04-04 00:00:00,1986-04-02 00:00:00,1987-04-03 00:00:00,1988-04-07 00:00:00,1989-03-29 00:00:00,1990-03-29 00:00:00,1991-04-03 00:00:00,1992-03-30 00:00:00,1993-04-05 00:00:00,1994-04-04 00:00:00,1995-04-08 00:00:00,1996-03-31 00:00:00,1997-03-27 00:00:00,1998-04-01 00:00:00,1999-04-03 00:00:00,2000-04-03 00:00:00,2001-04-03 00:00:00,2002-03-29 00:00:00,2003-03-31 00:00:00,2004-04-02 00:00:00,2005-04-08 00:00:00,2006-03-31 00:00:00,2007-04-02 00:00:00,2008-04-01 00:00:00,2009-03-24 00:00:00,2010-03-26 00:00:00,2011-04-07 00:00:00,2012-04-02 00:00:00,2013-03-22 00:00:00,2014-03-27 00:00:00,2015-03-31 00:00:00,2016-04-02 00:00:00,2017-04-08 00:00:00,2018-03-26 00:00:00,2019-04-04 00:00:00,2020-04-02 00:00:00,2021-03-27 00:00:00,2022-03-28 00:00:00,2023-03-29 00:00:00,2024-04-02 00:00:00,2025-03-28 00:00:00,32.6450475,130.6341345
Kagoshima,1981-03-28 00:00:00,1982-03-28 00:00:00,1983-04-03 00:00:00,1984-03-31 00:00:00,1985-04-02 00:00:00,1986-03-30 00:00:00,1987-04-02 00:00:00,1988-04-08 00:00:00,1989-04-05 00:00:00,1990-03-29 00:00:00,1991-04-05 00:00:00,1992-04-03 00:00:00,1993-04-10 00:00:00,1994-04-04 00:00:00,1995-04-10 00:00:00,1996-03-31 00:00:00,1997-03-30 00:00:00,1998-04-09 00:00:00,1999-04-06 00:00:00,2000-04-06 00:00:00,2001-04-05 00:00:00,2002-04-01 00:00:00,2003-04-02 00:00:00,2004-04-06 00:00:00,2005-04-09 00:00:00,2006-03-29 00:00:00,2007-04-04 00:00:00,2008-04-12 00:00:00,2009-04-01 00:00:00,2010-04-06 00:00:00,2011-04-05 00:00:00,2012-04-05 00:00:00,2013-03-26 00:00:00,2014-03-31 00:00:00,2015-03-31 00:00:00,2016-04-06 00:00:00,2017-04-15 00:00:00,2018-03-29 00:00:00,2019-04-09 00:00:00,2020-04-19 00:00:00,2021-03-30 00:00:00,2022-04-01 00:00:00,2023-04-05 00:00:00,2024-04-12 00:00:00,2025-04-07 00:00:00,31.521587,130.5474077
Miyazaki,1981-03-30 00:00:00,1982-03-24 00:00:00,1983-04-05 00:00:00,1984-04-06 00:00:00,1985-03-31 00:00:00,1986-04-02 00:00:00,1987-04-02 00:00:00,1988-04-06 00:00:00,1989-04-03 00:00:00,1990-03-29 00:00:00,1991-03-28 00:00:00,1992-04-03 00:00:00,1993-04-13 00:00:00,1994-04-05 00:00:00,1995-04-10 00:00:00,1996-04-03 00:00:00,1997-03-31 00:00:00,1998-04-01 00:00:00,1999-04-05 00:00:00,2000-04-05 00:00:00,2001-04-02 00:00:00,2002-03-29 00:00:00,2003-03-30 00:00:00,2004-04-02 00:00:00,2005-04-05 00:00:00,2006-03-30 00:00:00,2007-04-03 00:00:00,2008-04-06 00:00:00,2009-03-23 00:00:00,2010-04-02 00:00:00,2011-04-04 00:00:00,2012-04-03 00:00:00,2013-03-22 00:00:00,2014-03-28 00:00:00,2015-04-01 00:00:00,2016-04-05 00:00:00,2017-04-09 00:00:00,2018-03-26 00:00:00,2019-04-05 00:00:00,2020-04-08 00:00:00,2021-03-29 00:00:00,2022-03-28 00:00:00,2023-03-30 00:00:00,2024-04-03 00:00:00,2025-04-02 00:00:00,32.097681,131.294542
Naze,1981-01-31 00:00:00,1982-01-30 00:00:00,1983-01-31 00:00:00,1984-02-02 00:00:00,1985-02-03 00:00:00,1986-01-29 00:00:00,1987-02-05 00:00:00,1988-01-18 00:00:00,1989-01-13 00:00:00,1990-01-28 00:00:00,1991-02-04 00:00:00,1992-01-28 00:00:00,1993-01-29 00:00:00,1994-01-29 00:00:00,1995-02-11 00:00:00,1996-01-22 00:00:00,1997-01-27 00:00:00,1998-01-27 00:00:00,1999-02-04 00:00:00,2000-01-31 00:00:00,2001-02-05 00:00:00,2002-01-29 00:00:00,2003-01-26 00:00:00,2004-02-01 00:00:00,2005-02-08 00:00:00,2006-01-24 00:00:00,2007-02-07 00:00:00,2008-02-02 00:00:00,2009-02-04 00:00:00,2010-02-03 00:00:00,2011-02-07 00:00:00,2012-01-30 00:00:00,2013-01-28 00:00:00,2014-01-31 00:00:00,2015-01-29 00:00:00,2016-02-02 00:00:00,2017-02-13 00:00:00,2018-02-05 00:00:00,2019-02-07 00:00:00,2020-02-07 00:00:00,2021-02-01 00:00:00,2022-01-31 00:00:00,2023-02-01 00:00:00,2024-02-02 00:00:00,2025-02-02 00:00:00,5.4519997,7.0566745
Ishigaki Island,1981-02-02 00:00:00,1982-01-24 00:00:00,1983-02-09 00:00:00,1984-01-26 00:00:00,1985-01-30 00:00:00,1986-02-02 00:00:00,1987-01-27 00:00:00,1988-01-25 00:00:00,1989-01-08 00:00:00,1990-01-30 00:00:00,1991-02-18 00:00:00,1992-01-27 00:00:00,1993-01-29 00:00:00,1994-01-30 00:00:00,1995-02-19 00:00:00,1996-01-23 00:00:00,1997-02-06 00:00:00,1998-03-01 00:00:00,1999-02-24 00:00:00,2000-02-03 00:00:00,2001-02-08 00:00:00,2002-02-01 00:00:00,2003-02-20 00:00:00,2004-02-02 00:00:00,2005-02-07 00:00:00,2006-02-02 00:00:00,2007-02-27 00:00:00,2008-02-20 00:00:00,2009-02-16 00:00:00,2010-02-08 00:00:00,2011-02-10 00:00:00,2012-02-09 00:00:00,2013-02-14 00:00:00,2014-02-10 00:00:00,2015-01-24 00:00:00,2016-03-02 00:00:00,2017-02-19 00:00:00,2018-02-07 00:00:00,2019-02-08 00:00:00,2020-02-10 00:00:00,2021-02-08 00:00:00,2022-02-22 00:00:00,2023-02-10 00:00:00,2024-02-10 00:00:00,2025-02-10 00:00:00,24.4710165,124.2385061
Miyakojima,1981-02-08 00:00:00,1982-02-13 00:00:00,1983-02-15 00:00:00,1984-01-31 00:00:00,1985-02-06 00:00:00,1986-02-01 00:00:00,1987-02-01 00:00:00,1988-02-08 00:00:00,1989-02-17 00:00:00,1990-02-09 00:00:00,1991-03-02 00:00:00,1992-02-08 00:00:00,1993-02-18 00:00:00,1994-02-14 00:00:00,1995-02-18 00:00:00,1996-01-25 00:00:00,1997-01-27 00:00:00,1998-02-01 00:00:00,1999-02-19 00:00:00,2000-01-23 00:00:00,2001-02-09 00:00:00,2002-02-04 00:00:00,2003-02-03 00:00:00,2004-03-01 00:00:00,2005-02-16 00:00:00,2006-01-31 00:00:00,2007-02-19 00:00:00,2008-02-21 00:00:00,2009-02-07 00:00:00,2010-01-31 00:00:00,2011-01-28 00:00:00,2012-01-30 00:00:00,2013-02-01 00:00:00,2014-02-03 00:00:00,2015-02-04 00:00:00,2016-02-25 00:00:00,2017-02-27 00:00:00,2018-02-08 00:00:00,2019-02-09 00:00:00,2020-02-09 00:00:00,2021-02-10 00:00:00,2022-02-08 00:00:00,2023-02-03 00:00:00,2024-02-02 00:00:00,2025-02-04 00:00:00,24.8054647,125.2811296
Naha,1981-02-03 00:00:00,1982-01-24 00:00:00,1983-02-04 00:00:00,1984-02-04 00:00:00,1985-02-04 00:00:00,1986-01-26 00:00:00,1987-02-10 00:00:00,1988-02-11 00:00:00,1989-01-28 00:00:00,1990-01-31 00:00:00,1991-02-10 00:00:00,1992-02-10 00:00:00,1993-02-07 00:00:00,1994-02-04 00:00:00,1995-02-18 00:00:00,1996-02-02 00:00:00,1997-02-01 00:00:00,1998-01-28 00:00:00,1999-02-15 00:00:00,2000-02-03 00:00:00,2001-02-05 00:00:00,2002-02-05 00:00:00,2003-02-07 00:00:00,2004-02-10 00:00:00,2005-02-14 00:00:00,2006-01-24 00:00:00,2007-02-16 00:00:00,2008-01-25 00:00:00,2009-01-23 00:00:00,2010-02-01 00:00:00,2011-02-02 00:00:00,2012-02-06 00:00:00,2013-01-23 00:00:00,2014-01-27 00:00:00,2015-01-29 00:00:00,2016-02-12 00:00:00,2017-02-08 00:00:00,2018-01-30 00:00:00,2019-02-12 00:00:00,2020-02-03 00:00:00,2021-02-01 00:00:00,2022-02-01 00:00:00,2023-01-30 00:00:00,2024-02-05 00:00:00,2025-02-04 00:00:00,58.1773741,27.4576502
Minami Daito Island,1981-01-28 00:00:00,1982-01-29 00:00:00,1983-01-29 00:00:00,1984-01-24 00:00:00,1985-01-28 00:00:00,1986-01-24 00:00:00,1987-01-30 00:00:00,1988-02-05 00:00:00,1989-01-30 00:00:00,1990-01-24 00:00:00,1991-02-03 00:00:00,1992-02-01 00:00:00,1993-01-23 00:00:00,1994-01-30 00:00:00,1995-02-10 00:00:00,1996-02-03 00:00:00,1997-02-20 00:00:00,1998-02-05 00:00:00,1999-02-12 00:00:00,2000-01-27 00:00:00,2001-01-29 00:00:00,2002-01-29 00:00:00,2003-02-05 00:00:00,2004-02-07 00:00:00,2005-02-18 00:00:00,2006-01-27 00:00:00,2007-02-14 00:00:00,2008-02-04 00:00:00,2009-02-09 00:00:00,2010-02-15 00:00:00,2011-02-04 00:00:00,2012-02-01 00:00:00,2013-01-21 00:00:00,2014-01-22 00:00:00,2015-02-13 00:00:00,2016-03-01 00:00:00,2017-02-14 00:00:00,2018-01-29 00:00:00,2019-02-12 00:00:00,2020-02-05 00:00:00,2021-02-05 00:00:00,2022-02-10 00:00:00,2023-02-05 00:00:00,2024-02-05 00:00:00,2025-02-05 00:00:00,25.8488,131.2507
